iter	RMSE
0	9.320840251
1	9.263780232
2	9.2031813
3	9.146109545
4	9.084807342
5	9.028654515
6	8.969657833
7	8.91238761
8	8.859429973
9	8.807227576
10	8.751863187
11	8.698968789
12	8.644383743
13	8.595212904
14	8.541464545
15	8.490649143
16	8.437543635
17	8.386595166
18	8.337493178
19	8.286342262
20	8.237501343
21	8.191774335
22	8.140795635
23	8.093041662
24	8.050440728
